Curvature,Altitude,Flow accumulation,HAND,Tide,Wind speed,Rain,TWI,Soil moisture,Slope,Distance to river,Distance to storm track,Mean gauge height,Uncertainty,Distance to sea,Type,Flood,StreamOrder,Distance to structure,Distance to levee,FID,latitude,longitude
-3294210000,0.49802,3,0.178871,4.919237746,72.7482,106.6,1.635491825,0.144112,9.70863,9.90E-05,0.62996,0,0.4,0.027584,HWMs,5.5,0,0.023306,0.33794,106,26.282738,-81.802149
0,0,26,0.024175,4.28559913,62.1303,70.6,1.507649077,0.144112,0.753699,0.000399,0.744853,0,0.1,0.017258,HWMs,7.14,0,0.030687,0.289088,107,26.14169,-81.790161
863536000,0.945897,0,0.150794,4.286256442,62.1303,70.6,-5.924627617,0.144112,4.17753,0.000558,0.744744,0,0.1,0.017102,HWMs,7.12,0,0.030765,0.289248,108,26.141696,-81.790321
5365220000,2.64897,0,2.79944,6.339294596,98.0023,101.2,-3.420068768,0.132283,1.24126,0.002117,0.383454,0,0.05,0.025398,HWMs,0.65,0,0.252561,0.565881,109,26.48725,-81.94233
582477000,1.95403,1,1.84304,6.215211972,98.0023,100.9,1.88E-11,0.132283,1.16176,0.000849,0.388279,0,0.1,0.03103,HWMs,1.59,0,0.24677,0.560208,110,26.48673,-81.935522
-284809000,1.90016,0,1.88735,6.162469099,97.344,100.9,-20.27160203,0.132283,0.458274,0.00028,0.392185,0,0.1,0.028294,HWMs,2.96,0,0.243938,0.557209,111,26.481,-81.936205
-265237000,1.47353,1,1.61107,6.235711699,96.818,99.1,4.84E-11,0.132283,0.731091,0.001898,0.384475,0,0.05,0.016216,HWMs,6.06,0,0.253953,0.566839,112,26.4803,-81.94887
230034000,0.370478,4,0.427716,6.251830118,96.818,99.1,0.199239933,0.132283,1.25121,0.002608,0.384065,0,0.05,0.013596,HWMs,6.75,0,0.255058,0.567802,113,26.47892,-81.95111
-77275600,0.927778,3,0.754445,6.252527176,96.1149,96.6,2.636049875,0.132283,0.17906,0.001332,0.392439,0,0.1,0.013483,HWMs,0.23,0,0.249018,0.561148,114,26.468225,-81.95072
-713612000,18.2054,37,0.734791,0.760324996,65.7253,367.1,4.783831052,0.28486,0.316774,0.000889,0.613883,0,0.1,0.844698,HWMs,2.21,0,0.086388,0.140247,115,28.264004,-81.451543
3101510000,18.1794,0,0,0.76204763,66.0637,373.3,-10.98190243,0.28486,7.02182,0.000209,0.611374,0,0.1,0.840528,HWMs,2.78,0,0.089176,0.136118,116,28.265454,-81.447424
2198340000,18.761,0,3.52974,0.763440925,66.0637,373.3,-1.23650795,0.28486,1.44777,0.00054,0.607802,0,0.1,0.837169,HWMs,1.4,0,0.092818,0.132714,117,28.264087,-81.444011
1217960000,18.6745,1,2.64104,0.764705882,66.0637,373.3,-1.36E-10,0.28486,2.83307,0.000218,0.605224,0,0.1,0.83413,HWMs,0.67,0,0.095563,0.12967,118,28.263917,-81.440964
0,18.166,163,0.989212,0.765269287,66.0637,354.1,5.858391178,0.28486,0.361057,0.000721,0.609221,0,0.1,0.842162,HWMs,3.63,0,0.090954,0.137653,119,28.259778,-81.448832
11033600000,1.65569,0,0.02302,5.424186047,88.9073,96.9,6.72424727,0.144112,8.44596,0.000127,0.563466,0,0.1,0.048679,HWMs,1,0,0.074915,0.385187,120,26.3653,-81.808
643859000,2.4193,1,2.26461,5.425236248,88.9073,96.9,3.96E-11,0.144112,3.97332,0.000194,0.563846,0,0.1,0.048476,HWMs,2.1,0,0.074741,0.384893,121,26.3648,-81.808
0,17.7468,23,0.568169,0.766505831,66.6852,379.4,2.893082775,0.28486,0.439921,0.000404,0.603236,0,0.1,0.829823,HWMs,1.1,0,0.098158,0.125443,122,28.266401,-81.436747
-324095000,18.2845,1,0.428177,0.784041906,66.6938,379.6,3.00E-11,0.28486,0.966429,0.000456,0.593336,0,0.2,0.818538,HWMs,6.88,0,0.108911,0.114106,123,28.265238,-81.425411
-117213000,18.2717,2,1.04571,0.782322854,66.387,379.6,0.135743196,0.28486,1.14717,0.00077,0.595923,0,0.1,0.822534,HWMs,0.59,0,0.105779,0.118072,124,28.26415,-81.429368
0,16.3693,827,0,0.788335721,67.294,370.8,0.378686293,0.28486,1.44172,1.20E-05,0.586222,0,0.2,0.808633,HWMs,0.21,0,0.103808,0.104257,125,28.266794,-81.415557
0,17.8216,1202,0.129566,0.785957814,66.6938,370.8,4.587617771,0.28486,0.591239,8.00E-05,0.588991,0,0.1,0.814105,HWMs,1.97,0,0.10917,0.109634,126,28.26404,-81.420928
0,17.7067,12,0,0.787337963,66.9826,354.1,10791812461,0.28486,0,0.000197,0.584381,0,0.4,0.810925,HWMs,0.34,0,0.105933,0.106416,127,28.260756,-81.417608
5408660000,1.85739,0,1.97458,6.233908152,97.2989,100.7,1.584193351,0.132283,1.72791,4.10E-05,0.342763,0,0.05,0.02583,HWMs,2.49,0,0.295617,0.608728,128,26.508522,-81.980038
2206620000,2.11354,0,2.17562,6.375734782,100.106,112,13.82116556,0.132283,2.51525,0.000857,0.335797,0,0.4,0.064602,HWMs,0.4,0,0.294747,0.607976,129,26.54259,-81.950996
535803000,1.41979,0,1.35746,6.293891447,98.694,103.6,-25.45339487,0.132283,0.374349,0.001249,0.344323,0,0.05,0.038642,HWMs,1.02,0,0.290211,0.603779,130,26.518766,-81.965689
-381502000,18.1901,3,0,0.80606284,68.8125,367.9,-1.282330077,0.28486,2.78539,0.000104,0.591609,0,0.4,0.787677,HWMs,0.43,0,0.092411,0.092569,131,28.304114,-81.395521
-301195000,2.2568,1,1.97742,5.138047889,84.843,98.8,-3.00E-11,0.144112,2.17501,0.000376,0.59529,0,0.05,0.067347,HWMs,2.1,0,0.043056,0.352039,132,26.347299,-81.7801
1264900000,1.6253,0,-9999,3.440142958,67.2855,54.7,-0.802680513,0.129186,1.4907,0.002008,0.878794,0,0.2,0.003374,HWMs,1.84,0,0.120924,0.293477,133,25.948957,-81.743
0,2.63647,27,2.48365,6.328259926,97.5885,102.2,7.709418642,0.132283,0.183574,0.002139,0.358956,0,0.05,0.027186,HWMs,1.6,0,0.276482,0.589948,134,26.505736,-81.958406
470551000,1.36926,1,-9999,3.441460034,67.4741,54.7,-7.49E-12,0.129186,1.74161,0.002198,0.878683,0,0.1,0.00299,HWMs,3.87,0,0.121491,0.294028,135,25.948499,-81.743353
1173420000,2.44517,0,2.06705,5.166787575,82.5821,102.2,-3.619562717,0.144112,1.22351,0.001444,0.599161,0,0.05,0.06141,HWMs,0.93,0,0.045542,0.350105,136,26.339381,-81.78339
391048000,18.786,115,1.21574,0.822219973,68.735,351.5,0.36055981,0.28486,1.39758,0.001366,0.576386,0,0.4,0.77804,HWMs,0,0,0.078599,0.078824,137,28.291608,-81.385746
397064000,1.55955,0,1.26447,5.240850307,82.5505,103,-4.520125782,0.144112,1.14627,0.000589,0.594761,0,0.05,0.054161,HWMs,3.8,0,0.053052,0.355929,138,26.338738,-81.790901
-1572750000,2.20848,0,1.80752,5.21532189,84.7819,102.2,23.74069242,0.144112,2.74293,0.000286,0.594452,0,0.05,0.059321,HWMs,1.7,0,0.049191,0.354816,139,26.342565,-81.786912
-882019000,1.63422,2,1.47368,5.256637758,84.7189,103,0.150627418,0.144112,1.10685,0.000716,0.58712,0,0.05,0.050995,HWMs,3.25,0,0.058765,0.363483,140,26.344094,-81.796394
0,31.1707,19,3.0382,0.853778355,60.4991,313.2,12787536010,0.249507,0,0.006777,0.699893,0,0.1,0.674287,HWMs,1.32,0,0.224048,0.222885,141,28.529708,-81.367453
-3249100000,1.03063,3,1.46584,5.267116914,82.5505,103,1.065909534,0.144112,9.84565,0.00067,0.591073,0,0.05,0.048904,HWMs,5.98,0,0.05875,0.360645,142,26.338712,-81.796599
0,1.58547,66,1.42385,5.322688022,82.5316,104.2,11.80616451,0.144112,0.152915,0.000322,0.581465,0,0.05,0.037953,HWMs,3.32,0,0.070185,0.372156,143,26.340671,-81.809076
0,31.1707,59,3.0382,0.85302788,60.4991,313.2,17708520116,0.249507,0,0.004297,0.70405,0,0.1,0.67576,HWMs,1.96,0,0.228098,0.226933,144,28.532086,-81.370862
1759990000,1.29228,0,0.949907,5.294190927,82.5316,103.4,-5.065028261,0.144112,1.10196,0.001519,0.587329,0,0.05,0.04354,HWMs,4.14,0,0.06447,0.365436,145,26.33874,-81.802319
1005860000,2.62384,0,2.2953,5.368902578,82.5259,104.2,0.901769235,0.144112,1.66073,0.001493,0.578071,0,0.05,0.034433,HWMs,1.36,0,0.072817,0.376169,146,26.341525,-81.813296
87724700,1.46878,1,1.50824,5.229692643,82.5259,105.4,-4.10E-11,0.144112,2.32772,0.000472,0.582065,0,0.05,0.030464,HWMs,3.83,0,0.067839,0.373984,147,26.334931,-81.814852
-164053,2.31792,0,2.13741,5.384038196,84.5967,102.3,-14.13630848,0.144112,0.615674,0.000539,0.568863,0,0.05,0.031525,HWMs,2.05,0,0.081825,0.384979,148,26.348546,-81.819254
-231986000,2.62778,1,2.30753,5.273354783,82.5335,105,5.17E-11,0.144112,0.698908,0.001119,0.577226,0,0.05,0.021932,HWMs,1.6,0,0.071882,0.380885,149,26.333809,-81.823596
0,31.1707,104,3.0382,0.858186325,59.6516,315.7,20170333393,0.249507,0,0.000574,0.702368,0,0.1,0.665326,HWMs,1.5,0,0.228933,0.227794,150,28.539657,-81.363387
4626870000,2.97299,0,2.85388,6.329978095,96.98,99.9,-1.385936155,0.132283,1.43308,0.002207,0.367108,0,0.05,0.010261,HWMs,2.05,0,0.272166,0.584988,151,26.489892,-81.964365
-2622930000,1.95073,3,1.87307,6.061924752,105.28,137.3,0.156830577,0.224756,1.25322,0.001252,0.280959,0,0.4,0.190574,HWMs,0,0,0.216307,0.65793,152,26.658392,-81.900157
3415200000,1.69113,0,1.63172,6.046384403,105.28,137.3,5.872391422,0.224756,2.10178,0.000411,0.280286,0,0.1,0.193634,HWMs,1.56,0,0.213728,0.658759,153,26.660932,-81.898228
-464831000,1.07706,2,1.1659,6.078190111,105.28,134.7,0.217005112,0.224756,0.946197,0.000607,0.28778,0,0.1,0.187388,HWMs,2.91,0,0.213679,0.651116,154,26.653205,-81.895727
50824000,2.17218,1,1.84116,6.105710824,104.909,134.5,3.00E-11,0.224756,4.10727,0.000994,0.285008,0,0.2,0.182036,HWMs,0.98,0,0.221676,0.653568,155,26.650426,-81.903229
280863000,1.59315,2,1.44582,6.102685389,105.305,134.2,0.410255236,0.224756,0.633028,0.000556,0.279499,0,0.4,0.182622,HWMs,0,0,0.226047,0.65899,156,26.65301,-81.90868
-980350000,1.84746,4,1.8135,6.348876715,99.163,107.8,0.061883354,0.132283,1.46837,0.001081,0.347537,0,0.1,0.04782,HWMs,0.38,0,0.284619,0.598188,157,26.525614,-81.952762
0,1.22286,4,1.11374,6.129533344,104.909,134.5,6020599913,0.224756,0,0.000509,0.288232,0,0.1,0.177442,HWMs,1.08,0,0.223744,0.650228,158,26.645715,-81.903771
125517000,1.80058,0,1.78654,6.075859353,104.865,134.2,-13.65378776,0.224756,0.63214,0.000736,0.281357,0,0.1,0.175623,HWMs,0.92,0,0.231854,0.656941,159,26.647015,-81.912819
-1171720000,1.87564,0,1.81064,6.095655847,104.865,131.2,2.227099496,0.224756,1.78993,0.000914,0.283893,0,0.1,0.171805,HWMs,0.73,0,0.233655,0.654347,160,26.643183,-81.913392
-330387000,1.41302,0,1.38445,6.161859186,104.488,131.2,-27.90331687,0.224756,0.344121,0.000581,0.288557,0,0.1,0.171265,HWMs,1.91,0,0.230068,0.649724,161,26.640998,-81.908775
526434000,0.74683,0,1.07194,6.175663201,104.006,126.4,-18.59699397,0.224756,3.63496,0.001945,0.292636,0,0.1,0.155871,HWMs,3.49,0,0.243323,0.645507,162,26.627865,-81.917829
685830000,0.954404,1,0.42621,6.167653961,104.006,128.1,-1.09E-10,0.224756,5.90488,0.002124,0.291911,0,0.2,0.157372,HWMs,2.81,0,0.242297,0.646229,163,26.629271,-81.917302
0,1.20342,2,1.60289,6.12793841,104.488,128,0.239800985,0.224756,0.898131,0.000874,0.29074,0,0.1,0.164873,HWMs,0.53,0,0.235093,0.647443,164,26.635365,-81.911993
1793390000,1.99655,0,2.0802,6.266780603,97.135,100.1,-7.379514334,0.132283,0.935051,0.001046,0.35691,0,0.2,0.020449,HWMs,4.48,0,0.280829,0.593983,165,26.500623,-81.967515
0,31.1707,87,3.0382,0.857487082,59.6516,314.4,19395192526,0.249507,0,0.000518,0.699489,0,0.1,0.666684,HWMs,3.96,0,0.22551,0.224367,166,28.535939,-81.362505
-721684000,2.56328,0,2.33731,5.379360378,86.5544,100.2,-11.02099615,0.144112,0.736866,0.000698,0.558031,0,0.05,0.032422,HWMs,0.95,0,0.087759,0.394276,167,26.35943,-81.8232
1850430000,1.65153,0,1.30829,5.307612455,82.5335,105,-7.970495997,0.144112,0.897857,0.000366,0.572169,0,0.05,0.015336,HWMs,5.18,0,0.076873,0.387395,168,26.334181,-81.830933
0,31.1707,33,3.0382,0.853814562,59.9918,313.8,15185139399,0.249507,0,0.005451,0.694178,0,0.1,0.674216,HWMs,1.65,0,0.218042,0.216878,169,28.524781,-81.363948
5450520000,2.09619,0,2.01745,5.433329387,84.5414,104.6,-17.36464947,0.144112,3.66409,0.000178,0.567897,0,0.05,0.022167,HWMs,4.25,0,0.081415,0.388708,170,26.343061,-81.827137
1139150000,1.79537,1,0.141201,5.308229366,80.5506,105.6,-4.05E-11,0.144112,2.32108,0.000436,0.58168,0,0.05,0.015218,HWMs,2.43,0,0.067536,0.379555,171,26.32479,-81.827275
184360000,2.45796,1,2.69998,5.449729219,84.4918,103.1,1.82E-12,0.144112,1.5288,0.000694,0.561332,0,0.05,0.019091,HWMs,2.35,0,0.087872,0.395332,172,26.347256,-81.832331
0,1.35711,2918,1.44403,5.872626967,105.817,141,7.610204149,0.32758,0.42727,3.00E-06,0.28543,0,0.1,0.226068,HWMs,2.65,0,0.176969,0.656762,173,26.681978,-81.86577
0,31.1707,20,3.0382,0.855712834,59.9918,314.4,13010299957,0.249507,0,0.00485,0.696185,0,0.1,0.670502,HWMs,2.47,0,0.221036,0.219881,174,28.529737,-81.362875
0,1.5264,2,1.61438,5.431543966,86.4338,100.1,1.18425814,0.144112,0.248921,0.001644,0.550595,0,0.1,0.022503,HWMs,5.44,0,0.09868,0.403694,175,26.359673,-81.834342
849348000,1.24746,5,1.37138,5.876974536,105.702,138.7,0.16933113,0.32758,4.47471,0.001037,0.291517,0,0.05,0.225161,HWMs,3.15,0,0.172915,0.650878,176,26.678307,-81.8607
3486520000,2.026,0,2.14705,5.413263337,86.5544,100.2,0.384225642,0.144112,1.6092,0.001044,0.555173,0,0.05,0.025956,HWMs,3.37,0,0.09359,0.39863,177,26.357757,-81.829543
1287240000,1.49236,0,1.48413,6.138751886,104.879,132,-5.017746572,0.224756,1.10573,0.000289,0.310324,0,0.05,0.18002,HWMs,2.69,0,0.20462,0.628691,178,26.637245,-81.879707
-225585000,1.64267,1,1.83521,6.136396173,104.879,132,7.41E-12,0.224756,1.40191,0.000752,0.310262,0,0.05,0.180473,HWMs,2.79,0,0.204195,0.628777,179,26.637591,-81.879398
-1212960000,1.29572,3,1.25311,5.892335881,105.817,138.7,0.383807504,0.32758,0.893364,0.000928,0.29174,0,0.1,0.221967,HWMs,2.84,0,0.175822,0.650283,180,26.675965,-81.863089
480946000,0.974938,0,1.06707,5.905214623,105.817,139.5,-31.03874645,0.32758,3.45327,0.001179,0.292482,0,0.05,0.219302,HWMs,4.01,0,0.177832,0.64927,181,26.673728,-81.864559
107660000,1.65718,2,1.6827,6.121554758,104.879,132,-0.198697372,0.224756,2.15421,0.000791,0.30924,0,0.2,0.183335,HWMs,2.2,0,0.201923,0.629946,182,26.640107,-81.878033
-978143000,1.12258,23,1.05798,6.122455017,104.879,132,0.352680501,0.224756,1.31737,0.000898,0.309358,0,0.05,0.183161,HWMs,2.91,0,0.202025,0.62982,183,26.639925,-81.878064
1365790000,2.08044,0,2.29773,6.112613137,104.879,132,-4.594640802,0.32758,1.1401,0.000853,0.311397,0,0.05,0.185066,HWMs,1.21,0,0.198806,0.627949,184,26.640168,-81.874648
407611000,1.67927,0,1.86522,5.889607888,105.817,139.5,-7.551003143,0.32758,0.924039,0.000643,0.287346,0,0.05,0.222533,HWMs,1.25,0,0.178792,0.654527,185,26.67855,-81.866825
-1077690000,1.56335,5,1.84773,6.229747927,94.9001,96.6,-0.010438966,0.132283,1.58573,0.001438,0.386159,0,0.05,0.001811,HWMs,2.91,0,0.259946,0.5709,186,26.463233,-81.966193
-367105000,1.53632,2,1.62441,6.111855,104.879,132,0.359409053,0.32758,0.697233,0.000622,0.310987,0,0.05,0.185213,HWMs,2.61,0,0.198911,0.628359,187,26.640487,-81.874906
1443100000,2.26858,0,2.42079,5.562106718,86.2,99.2,-0.708444925,0.144112,1.50007,0.001625,0.533428,0,0.05,0.001349,HWMs,2.53,0,0.115769,0.425579,188,26.360613,-81.859625
561945000,1.20233,0,1.20024,6.064249978,94.9001,96.4,-27.88636912,0.132283,0.344314,0.000444,0.393373,0,0.05,0.002584,HWMs,8.7,0,0.25282,0.563647,189,26.458466,-81.960669
1564610000,1.78987,1,0.526856,5.763161502,106.007,142.3,-8.20E-11,0.32758,2.65469,8.60E-05,0.28333,0,0.1,0.233009,HWMs,1.41,0,0.172129,0.659615,190,26.687896,-81.862092
295254000,1.39099,1,1.93432,5.742861197,106.007,140.4,2.22E-11,0.32758,7.38121,0.000978,0.285493,0,0.1,0.233225,HWMs,0.7,0,0.170103,0.657604,191,26.686979,-81.859838
236809000,1.19716,0,1.18324,6.058392268,105.14,135,-8.740475896,0.32758,0.852506,0.001382,0.312097,0,0.05,0.195672,HWMs,3.69,0,0.187667,0.628063,192,26.647071,-81.865519
2889030000,1.53392,0,1.81362,5.561084857,86.2,99.2,-0.670163851,0.144112,1.50388,0.001411,0.536187,0,0.05,0.001533,HWMs,5.23,0,0.113022,0.423001,193,26.358424,-81.857939
-305903000,2.0259,0,2.07243,6.058052802,105.14,135,-50.30192864,0.32758,0.196241,0.001535,0.312928,0,0.05,0.195739,HWMs,1.08,0,0.187102,0.627262,194,26.646659,-81.864723
556010000,1.87169,0,1.62346,5.819556738,106.007,140,-10.78232851,0.32758,0.747772,0.002048,0.29051,0,0.1,0.23313,HWMs,1.53,0,0.166106,0.652856,195,26.68437,-81.855174
-238015000,0.89172,297,0.767402,6.155493891,94.9001,96.4,0.940692698,0.132283,1.20728,0.000381,0.395775,0,0.05,0.00184,HWMs,9.43,0,0.250628,0.561358,196,26.456563,-81.959199
0,0.802783,557,0.699732,6.005805998,105.249,134.3,7.056535613,0.32758,0.371094,3.80E-05,0.315981,0,0.2,0.202205,HWMs,4.43,0,0.178859,0.624889,197,26.649344,-81.856899
672407000,1.58744,0,1.46995,5.83224633,105.702,140.4,-16.05951525,0.32758,0.556932,0.001092,0.291366,0,0.05,0.230447,HWMs,2.49,0,0.167974,0.651689,198,26.682064,-81.856548
-1217870000,1.12099,38,0.906758,6.017804515,105.249,134.3,-0.752131518,0.32758,2.01514,0.000127,0.316205,0,0.05,0.199808,HWMs,4.06,0,0.181125,0.624443,199,26.647591,-81.858599
-511167000,1.57682,1,1.66088,5.554551611,86.2,99.9,3.70E-11,0.144112,7.14868,0.000679,0.538205,0,0.2,0.002711,HWMs,5.95,0,0.110958,0.420804,200,26.357474,-81.855946
0,0.583671,171876,0,5.959747288,105.378,132.4,52352152380,0.32758,0,1.90E-05,0.321098,0,0.4,0.211496,HWMs,1.75,0,0.166856,0.620926,201,26.65262,-81.845214
-1142360000,1.60098,84,1.51945,5.721089765,106.007,141.1,4.926684781,0.32758,0.372362,0.000549,0.287854,0,0.1,0.237918,HWMs,1.71,0,0.163747,0.65602,202,26.689065,-81.853777
103753000,0.734664,0,0.533632,5.560374218,86.2,100.8,-17.58334038,0.144112,0.517102,0.00086,0.54193,0,0.05,0.001661,HWMs,7.96,0,0.107338,0.417789,203,26.353566,-81.854782
834064000,1.89084,0,1.58628,5.707221865,105.83,141.1,-18.84025794,0.32758,0.487966,0.000788,0.286909,0,0.1,0.240926,HWMs,2.15,0,0.161724,0.657339,204,26.691643,-81.852221
-271840000,1.15016,1,1.17428,5.943263535,105.517,138.8,3.29E-11,0.32758,0.921934,0.000485,0.290048,0,0.05,0.211496,HWMs,3.26,0,0.187402,0.650771,205,26.669449,-81.873291
-219653000,1.98267,1,2.04623,6.142883328,104.392,128.1,1.13E-12,0.224756,1.54468,0.000349,0.284489,0,0.1,0.162039,HWMs,0.49,0,0.243879,0.653651,206,26.635486,-81.921457
3664670000,1.1768,1,1.86814,5.874651279,93.197,93.9,-2.10E-11,0.132283,8.30496,0.00072,0.476069,0,0.2,0.005818,HWMs,6.13,0,0.169952,0.479258,207,26.407048,-81.893588
403822000,1.50682,2,1.4162,5.717879596,106.007,141.1,0.013301025,0.32758,1.52664,0.00096,0.285793,0,0.1,0.238613,HWMs,2.05,0,0.164801,0.658057,208,26.690599,-81.855155
1518050000,1.77165,0,1.91923,5.873460024,93.197,93.9,-10.97023258,0.132283,0.739164,0.000698,0.477484,0,0.2,0.006022,HWMs,6.78,0,0.168445,0.477751,209,26.40632,-81.892262
221723000,1.69496,1,1.73601,5.871271476,93.197,93.9,5.14E-11,0.132283,0.701203,0.000418,0.477288,0,0.1,0.006397,HWMs,5.93,0,0.168483,0.477856,210,26.406677,-81.892147
0,1.39699,1,1.31733,5.928939093,105.517,139.5,0.434294518,0.32758,0,0.00054,0.288666,0,0.05,0.214423,HWMs,1.92,0,0.185627,0.652386,211,26.672186,-81.872221
1226880000,1.85733,3,1.65218,5.720775518,106.007,142.3,1.684469053,0.32758,3.41761,0.000773,0.283474,0,0.2,0.237986,HWMs,0,0,0.167339,0.660149,212,26.691323,-81.857873
-193343000,1.62712,0,1.58274,5.887259083,92.7507,93.9,-5.429653976,0.132283,1.07337,0.001107,0.471402,0,0.2,0.003664,HWMs,2.67,0,0.174631,0.484046,213,26.40988,-81.897454
-1243490000,1.1597,2,0.829512,5.672308348,105.903,140.2,-0.072613008,0.32758,1.80749,0.001082,0.291849,0,0.05,0.248564,HWMs,3.82,0,0.150681,0.653875,214,26.694335,-81.84149
-55354400,1.44798,1,1.38678,5.930189175,105.947,140.2,3.85E-11,0.224756,0.84485,0.001217,0.285944,0,0.05,0.214167,HWMs,1.9,0,0.188112,0.654961,215,26.673305,-81.875099
-335923000,1.32178,1,1.38698,6.052626871,92.7507,94.1,6.23E-11,0.132283,0.608457,0.000745,0.469117,0,0.2,0.00614,HWMs,7.02,0,0.17567,0.485609,216,26.413212,-81.897079
-2836380000,1.69871,0,1.63295,5.576973562,105.903,140,7.008163994,0.32758,2.18207,0.001884,0.290785,0,0.05,0.257042,HWMs,2.45,0,0.143885,0.656284,217,26.700733,-81.835661
137658000,1.10295,0,1.56,6.030862443,93.9923,94.1,1.863364427,0.132283,1.75502,0.000245,0.46896,0,0.05,0.009771,HWMs,6.82,0,0.174339,0.484829,218,26.415702,-81.894414
0,1.25667,10,1.11082,5.564949776,105.903,140,4.346321629,0.32758,0.226144,0.000561,0.291329,0,0.05,0.259758,HWMs,3.33,0,0.141026,0.656255,219,26.7023,-81.832997
308377000,1.10972,0,1.08264,6.066694096,93.9923,93.7,-24.97908992,0.132283,0.380795,0.000386,0.460771,0,0.1,0.003807,HWMs,7.24,0,0.183092,0.493539,220,26.419894,-81.902107
-1116520000,1.14261,0,1.08269,6.051875003,93.9923,94.2,-3.852267739,0.132283,1.20309,0.000632,0.461111,0,0.1,0.006265,HWMs,7.15,0,0.181638,0.49247,221,26.421553,-81.899649
298877000,1.7932,0,1.67839,6.073336503,94.9001,96.8,-2.064360354,0.132283,1.36722,0.001634,0.389625,0,0.05,0.001084,HWMs,1.81,0,0.257091,0.567821,222,26.459917,-81.964736
3807590000,2.34854,0,2.04981,5.975441814,105.33,135.1,-8.756870279,0.32758,3.99317,0.00236,0.314079,0,0.1,0.208314,HWMs,1.11,0,0.17388,0.62735,223,26.654569,-81.853726
201784000,1.6829,0,1.70118,6.129558391,103.35,108.1,-113.8983873,0.241248,0.087573,0.001262,0.420698,0,0.1,0.08399,HWMs,2.89,0,0.20847,0.519585,224,26.501184,-81.868844
1201570000,1.1244,0,0.812571,5.563145625,84.4136,100.8,28.821893,0.144112,2.80763,0.001347,0.54448,0,0.1,0.001162,HWMs,6.94,0,0.104868,0.415693,225,26.350976,-81.853885
-186453000,1.77264,5,1.75955,5.946333023,105.378,135.1,1.520439975,0.32758,0.430904,0.0006,0.312643,0,0.1,0.214229,HWMs,2,0,0.168887,0.62939,226,26.659396,-81.850301
761640000,1.98983,0,1.9657,6.018420368,102.821,104,4.431030915,0.241248,1.9879,0.000257,0.445188,0,0.1,0.072617,HWMs,4.03,0,0.183899,0.496009,227,26.477484,-81.858863
-268278000,1.6913,41,1.56929,6.087279913,103.533,107.5,2.971631391,0.241248,0.497242,0.000607,0.432836,0,0.1,0.089002,HWMs,2.91,0,0.196709,0.50686,228,26.496821,-81.855283
657763000,1.07458,1,1.36861,5.554025405,84.449,100.8,2.43E-11,0.144112,1.06027,0.001226,0.550641,0,0.05,0.002806,HWMs,6.75,0,0.098718,0.409826,229,26.346373,-81.849788
-957412000,2.82656,1,1.13278,6.096561898,104.308,106.3,2.42E-11,0.241248,10.4877,0.001121,0.440093,0,0.05,0.087344,HWMs,0.3,0,0.189411,0.499696,230,26.490744,-81.851223
1192030000,2.41805,0,1.72948,5.944363616,103.588,105,76.57703362,0.241248,3.01174,0.001283,0.44579,0,0.1,0.08598,HWMs,2.17,0,0.183662,0.494098,231,26.485786,-81.848253
-466270000,2.03441,4,2.26042,5.927405249,103.588,105.1,-0.13128177,0.241248,1.78549,0.001632,0.45054,0,0.05,0.089087,HWMs,1.96,0,0.179171,0.489094,232,26.484347,-81.842633
6016390000,2.55749,0,2.32924,5.981021454,102.821,105,10.64570903,0.241248,2.38746,0.00049,0.444968,0,0.2,0.079324,HWMs,3.08,0,0.184178,0.495529,233,26.482021,-81.853908
-1126870000,0.890006,0,0.799827,5.996522172,102.741,104.1,-3.72977483,0.241248,1.2138,0.000863,0.452355,0,0.1,0.076534,HWMs,6.51,0,0.176742,0.488425,234,26.474822,-81.850956
78827800,1.56986,1,1.54132,5.959520614,103.588,104,-8.73E-12,0.241248,1.76916,0.000957,0.453666,0,0.2,0.083218,HWMs,4.33,0,0.175654,0.486471,235,26.478179,-81.845026
632450000,2.39321,1,1.40879,5.960186391,103.474,104,-1.55E-11,0.241248,1.91322,0.000983,0.46113,0,0.05,0.083097,HWMs,1.36,0,0.168179,0.479076,236,26.472243,-81.840482
190035000,1.93686,1,1.93313,6.032022372,105.27,137.7,1.27E-10,0.224756,0.328644,0.002998,0.289129,0,0.05,0.196476,HWMs,0.97,0,0.203212,0.650378,237,26.659184,-81.886679
0,31.1707,123,3.0382,0.855932041,60.1324,315.3,20899051114,0.249507,0,0.000126,0.706079,0,0.1,0.669712,HWMs,2.66,0,0.231708,0.230559,238,28.539136,-81.36832
1914370000,1.85807,0,2.03152,6.035689764,105.27,138,-3.315436553,0.224756,4.39225,0.000804,0.285836,0,0.05,0.195749,HWMs,1.77,0,0.206695,0.653514,239,26.660131,-81.890634
219358000,2.0091,0,1.9462,5.988253434,105.641,139.3,-4.745931447,0.224756,1.12768,0.000967,0.286,0,0.1,0.202394,HWMs,0.1,0,0.199801,0.653847,240,26.664859,-81.884866
-4591850000,0.4739,212,0,3.156775963,67.9982,48.4,-49.33883225,0.129186,6.23607,0.002094,0.976084,0,0.2,0.031204,HWMs,2.6,0,0.102052,0.243051,241,25.922004,-81.647703
284842000,2.01128,3,1.5126,5.947572955,103.474,103.8,0.006124821,0.241248,1.55796,0.001012,0.462145,0,0.1,0.085394,HWMs,2.36,0,0.167297,0.477863,242,26.472921,-81.838131
4114410000,2.39544,0,2.4711,6.004967349,102.741,102.9,4.241537801,0.241248,1.97195,0.001016,0.457202,0,0.1,0.07502,HWMs,3.28,0,0.171879,0.483776,243,26.470094,-81.849024
0,31.1707,12,3.96,0.87212364,59.2781,315.1,10791812461,0.249507,0,0.001228,0.691426,0,0.1,0.657781,HWMs,2.94,0,0.219503,0.218382,244,28.53658,-81.352139
0,2.10672,6,1.98129,5.972930811,103.474,103.5,7781512504,0.241248,0,0.001684,0.462917,0,0.05,0.080786,HWMs,3.31,0,0.166282,0.477531,245,26.469288,-81.841183
771626000,2.41128,2,2.18503,5.989812014,102.474,103.5,-0.515911295,0.241248,2.6134,0.001416,0.465851,0,0.05,0.07774,HWMs,2.25,0,0.163255,0.474953,246,26.464888,-81.841808
0,0.866952,285,0.917242,6.141675979,95.0328,96.1,18.53106818,0.132283,0.131705,0.00142,0.407502,0,0.05,0.004094,HWMs,9.15,0,0.236863,0.548022,247,26.452768,-81.945607
723872000,0.753637,1,0.203,3.570461163,65.3148,62.5,-1.80E-11,0.129186,5.10603,7.50E-05,0.86603,0,0.2,0.0647,HWMs,3.58,0,0.021786,0.217872,248,26.046588,-81.708455
-430261000,1.30932,296,1.30529,6.217618235,94.6296,95.2,8.93557965,0.132283,0.269823,0.000295,0.425435,0,0.05,0.002223,HWMs,9.8,0,0.217922,0.529129,249,26.443139,-81.929285
724833000,1.06651,0,0.203,3.570685861,65.3148,62.5,2.443178759,0.129186,1.81042,0.000148,0.865963,0,0.2,0.064633,HWMs,1.63,0,0.021847,0.21794,250,26.046593,-81.708528
-1663040000,1.3537,2,1.57113,6.13574602,103.533,106.5,0.114615142,0.241248,1.207,0.000856,0.4362,0,0.1,0.0804,HWMs,4.51,0,0.192953,0.504222,251,26.488913,-81.859341
901952000,1.1828,0,1.36302,6.211513465,95.1422,95.2,-6.351800442,0.132283,1.00491,0.00013,0.431283,0,0.05,0.003208,HWMs,7.15,0,0.211426,0.522747,252,26.440587,-81.923277
-2963520000,1.08075,952,1.12966,6.208957365,95.1422,94.7,-1.856202958,0.132283,2.12808,6.70E-05,0.432749,0,0.05,0.003621,HWMs,7.25,0,0.209721,0.521094,253,26.44009,-81.921604
0,31.1707,10,3.03821,0.866211378,60.6454,313.8,10000000000,0.249507,0,0.000506,0.686251,0,0.1,0.669858,HWMs,0.37,0,0.210702,0.209546,254,28.521607,-81.356474
0,31.1707,57,3.0382,0.849617263,61.0464,311.6,17558748557,0.236152,0,0.002271,0.707242,0,0.1,0.682487,HWMs,3.9,0,0.230036,0.228857,255,28.529066,-81.376942
364127000,1.65228,1,1.69892,5.958662151,105.723,142.3,2.39E-11,0.224756,1.06855,0.001347,0.271418,0,0.05,0.203933,HWMs,1.33,0,0.211371,0.668004,256,26.672127,-81.898793
2041580000,1.21906,0,1.25175,5.977872847,105.723,139.5,5.395098218,0.224756,2.06555,0.000875,0.278096,0,0.05,0.200064,HWMs,3.52,0,0.209082,0.661294,257,26.666579,-81.895005
736413000,1.46603,0,1.48679,5.622391634,106.224,141.4,-3.117992405,0.32758,1.26855,0.000727,0.285396,0,0.05,0.259649,HWMs,2.49,0,0.146086,0.661747,258,26.70541,-81.838485
0,31.1707,0,3.0382,0.866027786,59.9918,313.8,-1.00E+11,0.249507,0,0.005,0.693692,0,0.1,0.670212,HWMs,0.96,0,0.218476,0.217322,259,28.527816,-81.361184
234671000,1.99705,0,1.89345,5.943778681,106.09,141.1,-20.43974244,0.224756,0.455005,0.001586,0.279313,0,0.05,0.211391,HWMs,0.6,0,0.196553,0.661034,260,26.67434,-81.88408
-19447000,1.77244,0,1.65026,5.923349477,105.947,141.1,-42.35912723,0.224756,0.231832,0.000259,0.277269,0,0.05,0.215569,HWMs,0.85,0,0.19424,0.663379,261,26.678268,-81.882639
2259030000,1.72148,0,1.88746,5.913381701,105.947,140.2,-16.92272319,0.224756,3.67531,9.20E-05,0.279588,0,0.05,0.217618,HWMs,1.04,0,0.190161,0.661373,262,26.678713,-81.878556
1124320000,1.97257,0,1.87054,6.065449352,94.6332,93.9,5.453986906,0.132283,2.0701,0.001499,0.451006,0,0.1,0.004013,HWMs,5.95,0,0.191389,0.502512,263,26.428568,-81.906992
5082770000,0.997089,0,1.16951,6.067854705,94.6332,94.2,-18.60100727,0.132283,3.63487,0.000159,0.448264,0,0.05,0.003615,HWMs,12.46,0,0.194197,0.505342,264,26.430196,-81.909307
3963430000,1.18732,0,1.27396,6.037295714,93.9923,94.7,27.19860741,0.132283,5.93086,0.000903,0.461129,0,0.1,0.008695,HWMs,7.26,0,0.180598,0.49178,265,26.42332,-81.89756
1510350000,1.31832,0,1.37438,5.964873039,105.572,138.8,-20.17114475,0.224756,0.460248,0.000792,0.287542,0,0.05,0.207107,HWMs,2.55,0,0.193792,0.652762,266,26.667526,-81.879386
-423654000,1.39729,0,1.34749,5.981219596,105.572,138.8,-97.90000593,0.224756,0.101792,0.001286,0.292201,0,0.05,0.203808,HWMs,2.02,0,0.19335,0.647993,267,26.662973,-81.877538
3082850000,1.90599,0,1.87046,5.867074034,93.197,94.4,20.47408412,0.132283,2.68725,0.000407,0.479369,0,0.2,0.007117,HWMs,6.11,0,0.165682,0.475285,268,26.406491,-81.889167
-391321000,0.741593,2,1.93074,5.864168502,93.197,94.4,-0.149808525,0.132283,8.31575,9.90E-05,0.481502,0,0.4,0.010075,HWMs,5.87,0,0.16173,0.471987,269,26.408001,-81.884127
2869600000,1.63554,0,1.29631,5.873251014,93.197,94.4,2.9152514,0.132283,1.85446,0.000308,0.482725,0,0.05,0.008513,HWMs,5.58,0,0.161063,0.471079,270,26.40637,-81.884151
524678000,1.62443,1,1.97239,5.565636136,84.449,100.8,-1.10E-10,0.144112,2.7671,0.002982,0.548984,0,0.1,0.000714,HWMs,5.95,0,0.100526,0.411958,271,26.346504,-81.852182
1522110000,1.48164,0,0.772417,4.931559144,103.872,125.4,-7.29265338,0.32758,0.940698,0.000583,0.331658,0,0.05,0.315004,HWMs,2.24,0,0.064075,0.624609,272,26.714355,-81.756963
-272201000,1.5724,0,0.845054,4.914878508,103.982,122.4,-2.836458912,0.32758,1.29441,0.00031,0.336532,0,0.1,0.319467,HWMs,2.11,0,0.057141,0.617716,273,26.713967,-81.749927
122122000,1.66296,1,0.786917,4.773014303,103.349,117.3,8.11E-12,0.32758,1.38613,0.000975,0.347176,0,0.1,0.327859,HWMs,2.35,0,0.043601,0.604104,274,26.712029,-81.735832
-340682000,1.7581,0,1.01988,4.889162979,103.524,119.7,-0.600784534,0.32758,1.51079,0.000585,0.340974,0,0.1,0.326407,HWMs,1.13,0,0.048479,0.609048,275,26.715439,-81.741384
389170000,2.33841,0,1.25349,6.118750121,103.533,106.3,10.72102732,0.241248,5.53257,0.000337,0.440193,0,0.05,0.083401,HWMs,0,0,0.189088,0.499932,276,26.4881,-81.854154
760702000,2.22974,2,1.40823,6.093563714,104.308,106.3,-0.431676982,0.241248,5.67424,0.000958,0.438025,0,0.1,0.087879,HWMs,4.89,0,0.191498,0.501728,277,26.492548,-81.852295
1513560000,0.841001,0,-9999,3.325991873,67.2076,56.5,7.409341524,0.129186,2.20847,0.000602,0.901395,0,0.1,0.03113,HWMs,4.71,0,0.098716,0.260836,278,25.961204,-81.711608
-1856350000,1.59159,0,-9999,3.326779101,67.2076,56.5,-37.25737018,0.129186,0.262223,0.000757,0.901209,0,0.2,0.030886,HWMs,1.32,0,0.098931,0.261157,279,25.961049,-81.711893
0,1.63161,2,1.43911,6.081790116,104.308,106.3,1.809613256,0.241248,0.164841,0.001159,0.438163,0,0.05,0.089985,HWMs,3.13,0,0.191517,0.501424,280,26.493829,-81.850589
989371000,1.5044,0,1.48033,5.957760595,103.474,104,-1.752686552,0.241248,1.39729,0.000288,0.458394,0,0.1,0.083538,HWMs,4.58,0,0.170942,0.481746,281,26.474706,-81.841812
2709670000,0.957214,0,0.729616,5.996110005,102.821,104.1,0.79500531,0.241248,1.65013,0.000237,0.448625,0,0.05,0.076608,HWMs,8.31,0,0.180471,0.492139,282,26.477632,-81.85341
2000200000,1.60501,0,1.07462,4.745581359,103.162,116.3,3.442729338,0.32758,1.90236,0.000555,0.342585,0,0.1,0.335535,HWMs,3.43,0,0.039981,0.600286,283,26.720279,-81.733262
2750520000,2.81925,0,2.85354,6.011778708,101.766,103.5,0.517497952,0.241248,1.6225,0.000134,0.462892,0,0.05,0.073802,HWMs,2.5,0,0.166189,0.478295,284,26.464749,-81.846517
5203120000,2.65993,7,1.59145,5.923618632,102.474,103.1,2.266015732,0.241248,3.49856,0.000905,0.471508,0,0.05,0.083039,HWMs,1.44,0,0.157751,0.468863,285,26.463553,-81.834673
-450941000,1.91713,1,1.36962,4.728145562,102.782,114.4,-6.33E-12,0.32758,1.71545,0.00124,0.349894,0,0.1,0.34046,HWMs,0.85,0,0.031197,0.591748,286,26.718314,-81.724323
0,0,1,0.68939,6.003398118,102.741,104.1,2.09E-10,0.241248,3.3466,0.000293,0.453036,0,0.1,0.075301,HWMs,7.75,0,0.176048,0.487877,287,26.473505,-81.851446
617037000,1.73981,0,1.80241,5.542843608,84.449,100.8,-13.08963104,0.144112,0.652378,0.000801,0.549355,0,0.05,0.004829,HWMs,5.3,0,0.099829,0.410248,288,26.348955,-81.848752
-602713000,1.21061,2,1.3071,5.703218803,105.83,140.2,0.208029164,0.32758,0.966097,0.000786,0.29223,0,0.05,0.241797,HWMs,2.05,0,0.156616,0.652468,289,26.689471,-81.84658
-1408430000,1.28586,1,1.20289,5.573293626,105.677,140,3.42E-11,0.32758,0.90416,0.000425,0.294201,0,0.05,0.257872,HWMs,3.44,0,0.140392,0.653245,290,26.699433,-81.831928
223638000,1.60831,0,1.26419,5.598109393,105.903,138.3,-1.114645403,0.32758,1.45979,0.000486,0.297062,0,0.05,0.252296,HWMs,2.45,0,0.143201,0.649609,291,26.694043,-81.83382
1506960000,1.46834,0,1.20013,5.592196997,105.677,138.3,-8.001285586,0.32758,0.895977,0.000778,0.298439,0,0.05,0.25362,HWMs,2.93,0,0.140948,0.648546,292,26.694176,-81.83155
0,1.24487,80,0.521932,4.693916244,102.381,111.3,19.17451961,0.32758,0.098927,0.000109,0.353256,0,0.05,0.350235,HWMs,3.87,0,0.02125,0.581482,293,26.722267,-81.714545
2953240000,1.89742,0,0.941589,4.706604436,102.381,112.6,-0.219498508,0.32758,1.54885,0.000644,0.353326,0,0.05,0.346595,HWMs,1.24,0,0.024027,0.584537,294,26.719844,-81.717264
0,31.1707,5,3.0382,0.854228865,59.9918,312.3,6989700043,0.249507,0,0.007725,0.697467,0,0.1,0.673404,HWMs,0.55,0,0.221693,0.220532,295,28.528348,-81.365442
7086490000,1.00352,0,0.500001,3.154020359,68.1169,57.2,-0.240409567,0.268149,1.54676,0.000933,0.988997,0,0.1,0.096407,HWMs,3.52,0,0.026701,0.1584,296,25.987906,-81.594426
-2389020000,1.62685,3,1.80357,5.390183302,80.7449,102.7,-0.450352056,0.144112,2.32734,0.000353,0.568291,0,0.1,0.00217,HWMs,4.5,0,0.082001,0.39533,297,26.328931,-81.843017
0,1.00378,2,1.128,4.918090111,68.8708,93.9,3010299957,0.144112,0,0.001557,0.638891,0,0.1,0.000917,HWMs,6,0,0.047062,0.345805,298,26.253406,-81.822646
0,1.00378,0,1.128,4.918291577,68.8708,93.9,-14.15467429,0.144112,0.615062,0.001587,0.63884,0,0.05,0.000876,HWMs,5.6,0,0.047095,0.345859,299,26.253432,-81.822694
-1035460000,1.97281,2,1.72407,5.568779423,101.756,101,-0.481226731,0.241248,2.5826,0.000196,0.508656,0,0.1,0.08121,HWMs,3.72,0,0.120657,0.43191,300,26.43533,-81.810519
165651,1.77031,14443,1.11131,5.568763972,101.756,101,7.39061254,0.241248,0.51264,2.30E-05,0.508831,0,0.1,0.081213,HWMs,3.68,0,0.120484,0.431735,301,26.435208,-81.810393
4853100000,2.25696,1,4.2978,5.097789874,84.843,97.3,9.02E-11,0.144112,9.87333,1.90E-05,0.602391,0,0.05,0.075776,HWMs,2.28,0,0.033487,0.34369,302,26.346112,-81.770575
-628487000,1.86648,0,1.85916,6.063842817,94.6332,94.2,-9.004023076,0.132283,0.837759,0.000699,0.449956,0,0.1,0.004279,HWMs,5.5,0,0.192304,0.503488,303,26.429477,-81.907546
-72369700,0.253961,1,0.287207,2.005342893,67.0342,0,-5.64E-11,7.00E-06,2.48515,5.80E-05,1.51478,0,0.2,0.02379,HWMs,2.63,0,1.080939,1.075314,304,24.65471,-81.38522
2203800000,0.315882,0,0.335506,2.005062831,67.0342,0,15.40188644,7.00E-06,2.56573,0.000103,1.51499,0,0.2,0.023933,HWMs,2.83,0,1.08081,1.075185,305,24.654665,-81.385011
-606055000,0.677525,5,0.692347,1.613902281,53.7227,10.9,-0.331268049,7.00E-06,5.15497,0.001348,2.40168,0,0.2,0.013215,HWMs,0,0,0.201046,0.257606,306,25.086548,-80.452772
-21070800,3.80308,522931,0,1.870246774,67.5107,67,12.300546,0.388496,7.1026,0,0.521809,19.6632,0,0.804564,Stream,0.276771,6,0.000143,0,0,27.0964,-81.0092
-19736100,20.5199,2,0,0.757609216,66.8195,381.1,3.852222,0.28486,12.7444,0,0.636714,6.10021,0,0.843061,Stream,4.95979,6,0.070524,-0.141263,1,28.3042,-81.4509
-587976000,28.5041,12227,0,0.684832387,65.1786,248.1,12.734011,0.236152,0.636473,0,0.770592,94.2859,0,0.880942,Stream,1.06406,3,0.10061,-0.266653,2,28.4128,-81.5378
-587976000,28.5041,12227,0,0.684832387,65.1786,248.1,12.734011,0.236152,0.636473,0,0.770592,89.1003,0,0.880942,Stream,1.98969,3,0.10061,-0.266653,3,28.4128,-81.5378
3780950000,31.6975,0,0,0.69868333,65.7431,259.6,53.258068,0.236152,5.87511,0,0.742757,3.47844,0,0.878147,Stream,1.63156,2,0.077739,-0.239317,4,28.3906,-81.5195
0,28.7931,3,0,0.69672723,65.4028,255.5,0.7957,0.236152,0.943962,0,0.746632,93.4521,0,0.88342,Stream,1.00792,3,0.076458,-0.243534,5,28.3895,-81.5251
-3819840000,28.7931,4,0,0.696585207,65.4028,255.5,2.779397,0.236152,3.60426,0,0.746697,90.3791,0,0.883804,Stream,3.01094,3,0.076182,-0.243635,6,28.3892,-81.5254
0,31.6131,1427,0,0.714052326,66.0483,264.3,5.615227,0.236152,0.912679,0,0.726699,89.3292,0,0.873028,Stream,4.52083,3,0.069688,-0.22339,7,28.3805,-81.507
1001200000,29.9347,0,0,0.697652436,65.6684,261.6,-50.193856,0.28486,0.430097,0,0.729712,94.5406,0,0.883058,Stream,2.75938,3,0.062176,-0.227423,8,28.3744,-81.515
0,28.4746,0,0,0.692672191,65.3383,258.1,-47.221568,0.28486,0.453689,0,0.739141,90.1978,0,0.896597,Stream,1.72219,2,0.058266,-0.238348,9,28.3711,-81.529
-852381000,28.4746,1,0,0.692617413,65.3383,258.1,0,0.28486,2.64703,0,0.738979,84.6757,0,0.896747,Stream,2.35427,1,0.057989,-0.238227,10,28.3708,-81.529
-82873000,23.7643,1,0,0.689490949,64.9927,268.5,0,0.28486,7.93321,0,0.705721,73.3778,0,0.912875,Stream,4.14219,4,0.012813,-0.214099,11,28.3253,-81.5206
-607965000,20.6842,5,0,0.690104228,64.4039,261.6,0.287495,0.28486,1.39403,0,0.698875,71.1209,0,0.916667,Stream,2.34906,4,0,-0.213825,12,28.3081,-81.5245
-607965000,20.6842,5,0,0.690104228,64.4039,261.6,0.287495,0.28486,1.39403,0,0.698875,67.8015,0,0.916667,Stream,0.358542,4,0,-0.213825,13,28.3081,-81.5245
-16543100000,18.3957,5,0,0.761897778,66.3566,367.1,0.669807,0.28486,7.45961,0,0.612755,56.1845,0,0.84089,Stream,7.07552,6,0.084462,-0.132982,14,28.2672,-81.4479
0,28.9096,5859,0,0.623325034,63.4299,216.7,0.472481,0.236152,1.51639,0,0.826133,95.7679,0,0.945935,Stream,0.892083,5,0.125586,-0.327526,15,28.4053,-81.6115
3492660000,29.5862,0,0,0.623123937,63.4299,216.7,254.518553,0.236152,3.05137,0,0.825487,93.3229,0,0.946563,Stream,0.997083,5,0.124764,-0.327058,16,28.4042,-81.6115
0,32.6302,16,0,0.627784193,62.9062,222.2,27725887223,0.236152,0,0,0.818416,95.0539,0,0.932113,Stream,0.886146,2,0.115152,-0.324133,17,28.385,-81.6165
-23356300000,28.9307,9404,0,0.63812787,63.301,223,-6.529556,0.236152,5.33225,0,0.818577,96.1204,0,0.941147,Stream,1.11958,5,0.116393,-0.32204,18,28.3931,-81.6109
0,27.2151,9412,0,0.638051283,63.301,223,41.368017,0.236152,6.50086,0,0.818351,91.3475,0,0.94138,Stream,1.1825,5,0.116194,-0.321784,19,28.3931,-81.6106
1814780000,29.5749,1,0,0.642807437,63.6336,214.1,0,0.236152,6.34,0,0.833689,95.7364,0,0.928478,Stream,1.09365,5,0.138811,-0.331812,20,28.4269,-81.6053
407033000,30.2027,0,0,0.641769811,63.6336,209.6,-5.922562,0.236152,1.31904,0,0.836143,90.1274,0,0.931596,Stream,0.742604,5,0.140314,-0.334539,21,28.4264,-81.6087
1195320000,27.3424,0,0,0.654969445,63.7933,234.8,33.950841,0.236152,2.54564,0,0.798004,89.7127,0,0.929632,Stream,0.507292,4,0.100459,-0.298575,22,28.3947,-81.5844
0,29.1648,3471,0,0.639140216,63.0733,234.3,-16.447031,0.28486,2.68142,0,0.792906,96.0548,0,0.937603,Stream,1.22521,6,0.089425,-0.300722,23,28.3664,-81.5984
-41564000,23.0468,4,0,0.654093233,63.0629,249.2,-9.579116,0.28486,2.99787,0,0.758226,11.2127,0,0.936941,Stream,3.87729,6,0.056104,-0.273198,24,28.3328,-81.5798
0,27.3056,15,0,0.655320018,60.8874,234,27080502011,0.28486,0,0,0.731426,6.93062,0,0.898828,Stream,3.78938,5,0.042472,-0.268726,25,28.2711,-81.5909
-3585200000,21.3599,0,0,0.671531196,62.5265,247.5,-10.309835,0.28486,7.433,0,0.69597,71.361,0,0.936604,Stream,1.94896,6,0,-0.229308,26,28.2758,-81.544
23733800000,22.4192,0,0,0.671627608,62.5265,247.5,-41.810136,0.28486,0.503399,0,0.695744,69.0201,0,0.936326,Stream,2.1399,5,0,-0.22903,27,28.2758,-81.5437
-1326630000,20.1405,23,0,0.67397778,62.624,255.2,-7.763745,0.28486,2.75776,0,0.682763,3.36354,0,0.929574,Stream,1.84646,6,0.0114,-0.21828,28,28.2636,-81.5365
0,17.9579,7542620,0,0.785821671,62.9929,300.3,54.130387,0.28486,0.284612,0,0.538973,60.6355,0,0.843828,Stream,1.66448,7,0.085888,-0.085647,29,28.15,-81.4409
-69804500,19.557,0,0,0.909165638,63.5771,269.7,5.482536,0.245477,4.94614,0,0.306563,44.7959,0,0.922103,Stream,3.13406,6,0.154662,-0.241428,30,27.8121,-81.4443
-5116160000,20.8608,8,0,1.008722112,65.6378,316.8,-3.065288,0.245477,11.9703,0,0.228438,44.8013,0,0.955375,Stream,7.07875,6,0.242474,-0.261433,31,27.7086,-81.4465
0,20.2579,11,0,1.262198482,69.185,234.3,23978952728,0.258671,0,0,0.055236,7.27333,0,0.981804,Stream,3.01667,5,0.181514,-0.236308,32,27.5323,-81.3876
-1740490000,11.813,12,0,1.438722506,69.9135,93.5,2.060338,0.267037,4.02013,0,0.071768,5.7699,0,0.945747,Stream,1.4601,7,0.117483,-0.112887,33,27.4424,-81.297
-4136610000,17.3227,3,0,1.508104416,72.5897,116.6,0.765675,0.302723,10.3869,0,0.062446,5.41458,0,1.0495,Stream,1.94542,6,0.033145,-0.200784,34,27.3742,-81.3934
-158373000,18.5511,0,0,1.535547139,66.136,69.1,-36.909515,0.263374,0.557769,0,0.294237,59.472,0,0.595262,Stream,1.02802,6,0.164417,-0.162848,35,27.4653,-80.922
0,9.78654,62,0,1.617515874,66.686,62.3,2.142059,0.263374,1.09205,0,0.325034,33.0016,0,0.673659,Stream,0.728437,6,0.067107,-0.062917,36,27.3803,-80.9759
-456430000,11.0462,0,0,1.843278834,71.1528,69.4,-158.949377,0.31037,9.56864,0,0.308453,24.7773,0,0.942788,Stream,1.23271,6,0.052826,0,37,27.2139,-81.2015
0,7.74978,42,0,1.706488437,65.8345,56,37376696183,0.342293,0,0,0.480668,21.0735,0,0.645666,Stream,0.476458,6,0.004994,-0.004894,38,27.2439,-80.8965
2951060000,11.286,0,0,1.619877376,65.5622,75.4,-15.487185,0.319235,4.12029,0,0.410749,32.7996,0,0.553525,Stream,1.18042,5,0.060527,-0.060179,39,27.3775,-80.8453
-3603760000,7.84227,0,0,1.613371267,65.7641,71.9,521.048392,0.208685,3.09743,0,0.402711,23.6051,0,0.583126,Stream,2.7049,7,0.058688,-0.058836,40,27.3653,-80.8726
3240010000,7.49098,0,0,1.654175124,65.3781,71.8,-23.1441,0.208685,0.782837,0,0.462213,18.3021,0,0.56666,Stream,1.71792,7,0,0,41,27.3164,-80.8383
-2931020000,5.99134,942860,0,1.66337469,65.274,74.4,84.950043,0.208685,6.44373,0,0.483551,18.3857,0,0.552765,Stream,3.46427,6,0,-0.004729,42,27.3048,-80.8189
6863250,7.58332,0,0,1.671724327,65.1863,68.7,8.790867,0.208685,1.9355,0,0.498702,20.3242,0,0.564953,Stream,0.355833,7,0,0,43,27.2809,-80.824
0,6.10706,683,0,1.654726189,64.6843,67.2,12.106545,0.208685,0.494427,0,0.559945,19.9774,0,0.540279,Stream,1.8126,5,0.007132,-0.00281,44,27.2373,-80.7806
-73839500,3.14356,1,0,1.534399021,60.6859,62.3,0,0.223225,5.69135,0,0.858974,14.1802,0,0.491118,Stream,2.39979,9,0.002007,0,45,26.9855,-80.6156
-5857650000,3.02239,3,0,1.585066869,59.8157,142.7,-0.022333,0.322591,11.0159,0,1.00511,12.8222,0,0.140444,Stream,1.75781,9,0.000398,-0.09028,46,27.1087,-80.2872
0,0,28,0,1.708606988,61.7191,129.7,33322045102,0.166371,0,0,0.972355,2.13125,0,0.078914,Stream,1.24875,9,0.037078,-0.036919,47,27.2048,-80.2588
-4110210000,3.24365,2,0,1.438865927,54.098,109.5,-7.839079,0.322591,3.0534,0,1.19746,12.3486,0,0.099894,Stream,1.27135,5,0,-0.247254,48,26.9393,-80.1752
1770960000,3.15559,2,0,1.439330483,54.098,109.5,-0.719288,0.322591,2.3747,0,1.19772,12.1523,0,0.099539,Stream,1.31771,5,0,-0.24752,49,26.9393,-80.1749
0,3.67041,0,0,1.349503587,58.4038,69.3,-2.30E+11,0.1213,0,0,1.01832,9.86969,0,0.673608,Stream,2.66031,2,0.002748,0,50,26.7002,-80.7091
3048340000,3.90032,0,0,0.86184837,51.4249,96.9,27.738181,0.436485,5.59035,0,1.36084,9.58677,0,0.387309,Stream,1.53323,4,0,0,51,26.4729,-80.4469
0,3.67041,23,0,1.402632108,58.4038,69.3,-5.109159,0.1213,2.59116,0,1.01793,9.86833,0,0.677211,Stream,2.70167,2,0.00094,0,52,26.6976,-80.7128
0,1.223,2,0,0.873749335,46.4241,42.2,6931471806,0.219248,0,0,1.96201,0.838182,0,0.072929,Stream,1.31182,2,0.001547,-0.245424,53,25.9002,-80.195
0,3.44744,938,0,1.500941604,60.3921,70.8,-12.773359,0.1213,2.64973,0,0.959546,9.93792,0,0.770915,Stream,3.14208,7,3.30E-05,0,54,26.6953,-80.8067
0,1.13,2,0,0.961416683,46.8246,59.9,6931471806,0.427087,0,0,1.82386,5.65281,0,0.245953,Stream,0.497187,2,0,-0.045007,55,25.8912,-80.4215
0,0.55959,5,0,2.07369152,63.6006,50.9,340.566621,0.287864,0.004726,0,1.28164,4.31417,0,0.162169,Stream,0.905833,7,0.099687,-0.31489,56,25.8877,-81.2616
154886000,2.14395,0,0,1.380377363,56.2427,24.5,-46.124972,0.303929,0.463012,0,1.492,8.64521,0,0.350848,Stream,0.264792,4,0.105296,-0.12994,57,25.8518,-80.9803
0,2.1508,12,0,1.077275367,51.1365,19.9,24849066498,0.407445,0,0,1.69752,9.2851,0,0.486101,Stream,0.324896,3,0,0,58,25.7618,-80.7695
5960590000,4.49941,0,0,1.383217623,58.0693,35.8,-501.951771,0.319295,0.04584,0,1.19443,11.1072,0,0.740695,Stream,1.64281,1,0,0,59,26.3272,-80.8816
4549220000,3.27412,1,0,1.093768585,50.2728,21.1,0,0.407445,9.09806,0,1.72488,9.32896,0,0.446092,Stream,0.291042,6,0,0,60,25.762,-80.7272
0,1.70132,1039,0,1.116984188,48.8699,22.9,33.228583,0.407445,0.20607,0,1.77253,6.9674,0,0.378229,Stream,0.172604,5,0.015296,0,61,25.7614,-80.6547
0,1.70132,403,0,1.123716934,47.973,23.9,59989365620,0.37768,0,0,1.80254,7.01,0,0.336155,Stream,0.19,5,0.014036,0,62,25.7614,-80.6086
0,1.70132,727,0,1.125212741,47.338,29.2,65889264775,0.37768,0,0,1.83325,8.67979,0,0.294413,Stream,0.180208,5,0,0,63,25.7611,-80.5617
0,1.70132,490,0,1.124822175,46.9243,34,61944053911,0.37768,0,0,1.84936,6.96396,0,0.273019,Stream,0.176042,5,0.013278,0,64,25.7614,-80.5367
0,1.70132,274,0,1.139797802,46.6853,37.2,56131281064,0.37768,0,0,1.86238,6.95375,0,0.256293,Stream,0.17625,5,0.010802,0,65,25.7614,-80.5167
0,1.125,104,0,1.121681754,45.1309,33.5,46443908991,0.178813,0,0,1.9826,2.85604,0,0.092859,Stream,1.48396,5,0.000643,-0.152434,66,25.7625,-80.3281
57774100,1.20131,23,0,1.363564761,46.2407,32.6,5.791021,0.158086,0.496248,0,2.11764,0.679375,0,0.041102,Stream,1.61063,6,0.022004,-0.024642,67,25.5599,-80.3596
0,1.43149,100,0,1.167152412,46.0442,31.4,46051701860,0.37768,0,0,1.90873,5.65229,0,0.216345,Stream,1.51771,3,0,0,68,25.7176,-80.4966
0,1.43149,33,0,1.184464751,45.9271,28.9,34965075615,0.37768,0,0,1.92081,5.72719,0,0.209044,Stream,1.47281,2,0.014099,0,69,25.7022,-80.496
0,1.43149,171,0,1.199095568,45.7107,26.9,51416635565,0.37768,0,0,1.93236,5.64594,0,0.203849,Stream,1.54406,2,0.023196,0,70,25.686,-80.4971
0,1.43149,43,0,1.205251732,45.7099,24.6,37612001157,0.37768,0,0,1.94882,5.59323,0,0.1977,Stream,1.53677,3,0.000602,0,71,25.6634,-80.4982
0,0.1,150,0,1.378996225,50.5639,17.4,50106352941,0.109991,0,0,2.18671,2.51333,0,0.119713,Stream,0.656667,1,0.000252,-0.055363,72,25.3272,-80.5248
0,0,241,0,1.246965103,58.2735,21.6,-3.548899,0.240089,2.14509,0,1.67469,0.609062,0,0.098884,Stream,1.47094,9,0.271075,-0.3568,73,25.5014,-81.0769
0,0,2,0,1.841611608,61.8512,35.3,-0.239694,0.049234,1.90373,0,1.42496,0.821286,0,0.049635,Stream,3.73871,6,0.233409,-0.398509,74,25.7092,-81.2497
0,0,27,0,1.489683884,59.7871,25.7,32958368660,0.03658,0,0,1.57196,0.84381,0,0.043416,Stream,3.10619,7,0.281118,-0.384218,75,25.5556,-81.1647
-856328000,0.807604,1,0,2.426075026,65.9057,48.6,0,0.032783,1.15304,0,1.21665,0.966458,0,0.077951,Stream,3.70354,7,0.041949,-0.268735,76,25.8697,-81.3825
746961000,0.421147,0,0,2.280826498,64.7054,46.2,6.003824,0.049234,1.82586,0,1.27444,5.02417,0,0.063233,Stream,5.32583,4,0.085836,-0.323743,77,25.8286,-81.3417
-508190000,1.12397,12,0,2.386694294,66.3758,48,0.234062,0.287864,1.47688,0,1.16744,5.39344,0,0.169844,Stream,0.606562,7,0,-0.203981,78,25.9579,-81.3552
0,2.28494,2057770,0,4.839826919,82.7358,99,-56.341084,0.144112,2.88908,0,0.623982,10.2214,0,0.091975,Stream,1.92865,6,0.008487,-0.317237,79,26.3358,-81.7494
0,3.6857,1800,0,5.348508769,86.9917,96.7,74955419439,0.144112,0,0,0.577198,6.70104,0,0.063517,Stream,4.05896,5,0.054002,-0.365868,80,26.3623,-81.7904
-920326000,3.55271,2,0,5.64042797,102.189,101.9,0.195164,0.241248,1.29634,0,0.512342,10.2587,0,0.096993,Stream,4.02125,3,0.115831,-0.423493,81,26.4429,-81.796
0,4.76052,17,0,5.523086167,100.647,100.7,28332133441,0.241248,0,0,0.524764,4.89323,0,0.090155,Stream,7.45677,6,0.1023,-0.411684,82,26.4287,-81.7934
0,0,44,0,6.123699073,104.986,112.2,0.582249,0.241248,1.41813,0,0.414262,6.3124,0,0.109305,Stream,4.5076,4,0.213716,-0.521033,83,26.522,-81.8544
763399000,0.872248,1,0,6.040987946,104.128,109.1,0,0.241248,12.8462,0,0.425756,6.04698,0,0.097347,Stream,4.61302,4,0.201096,-0.510072,84,26.5069,-81.8544
185860000,1.90661,1,0,6.037472245,104.128,109.1,0,0.241248,14.3799,0,0.427181,6.13604,0,0.097986,Stream,4.42396,5,0.199778,-0.508592,85,26.5064,-81.8528
-5913350000,3.27106,3,0,2.261982923,69.4407,66.9,0.360891,0.343485,7.53659,0,0.672905,10.7214,0,0.902353,Stream,1.07865,6,0.002708,-0.046414,86,26.8333,-81.0889
-15220100000,2.91813,5,0,3.302435114,78.3003,38,1.749481,0.32726,13.3101,0,0.569485,8.11177,0,0.69643,Stream,2.44823,7,0,-0.163195,87,26.7879,-81.3049
-2046920000,0.59348,1779570,0,4.114318589,90.5382,68.2,-16.249996,0.321799,2.41676,0,0.465165,2.14948,0,0.510498,Stream,6.08052,7,0.082708,-0.3752,88,26.7474,-81.5132
-1095090000,1.32885,2,0,4.191356352,93.9605,89.7,0.01404,0.321799,20.4001,0,0.466131,1.64469,0,0.450707,Stream,6.30531,6,0.030905,-0.427091,89,26.7078,-81.558
-1992970,0.366568,244,0,4.547146048,101.509,103.9,197.634863,0.32758,0.027808,0,0.367592,2.15177,0,0.36565,Stream,7.15823,7,0,-0.556897,90,26.7217,-81.6931
0,0,2131,0,5.076998638,104.394,124,96.795325,0.32758,0.079016,0,0.347059,1.02729,0,0.296971,Stream,4.62271,6,0.069043,-0.609126,91,26.6919,-81.7594
0,0.536422,1202240,0,5.271522828,105.535,138.4,109.474983,0.32758,0.12719,0,0.296976,1.24885,0,0.284183,Stream,6.44115,6,0.111995,-0.652625,92,26.7157,-81.8087
-384233000,2.92617,0,0,6.301048437,103.948,119.3,-57.814131,0.132283,3.52061,0,0.34974,3.15021,0,0.121288,Stream,3.86979,4,0.243536,-0.585308,93,26.5749,-81.8919
194248000,1.07485,9,0,1.333043513,45.9351,36.1,2.29902,0.339362,0.762762,0,2.09675,0.805938,0,0.062726,Stream,1.59406,6,0.000693,-0.043673,94,25.5709,-80.3788
-109901,1.52787,1,0,1.141433547,46.4812,38.1,0,0.37768,0.0015,0,1.88619,5.67302,0,0.232091,Stream,1.61698,2,0.011723,0,95,25.7463,-80.4976
-945970000,0,928586,0,1.144298623,56.2174,18.5,0.610883,0.076422,1.52637,0,1.89383,0.424167,0,0.168244,Stream,1.27583,6,0.330111,-0.330194,96,25.3387,-80.9132
-43221800,0.285761,7,0,1.052579316,53.9222,18.4,159.143289,0.30283,0.012227,0,1.86528,1.36229,0,0.289024,Stream,0.587708,5,0.264849,-0.261292,97,25.468,-80.8545
312008000,1.47134,0,0,4.560031605,101.742,106.4,7.921769,0.32758,1.90215,0,0.356609,1.00385,0,0.361791,Stream,7.06615,6,0.008083,-0.566248,98,26.7274,-81.7035
7448750000,25.4482,0,0,2.14055294,78.4513,98.3,32.450748,0.302723,5.66607,0,0.145628,76.1607,0,0.887545,Stream,2.91927,7,0.126282,-0.256851,99,27.2092,-81.4615
0,8.51311,95,0,3.053581101,77.7223,57.6,0.282012,0.33442,4.65054,0,0.452057,6.45719,0,0.781505,Stream,0.562813,7,0.140949,-0.177975,100,26.9326,-81.3148
0,3.22079,71,0,2.16006535,70.4655,72.2,42626798770,0.388496,0,0,0.552877,16.4951,0,0.948904,Stream,0.654896,7,0.012367,-0.012072,101,26.963,-81.1208
-7634440000,6.8774,1,0,1.994028474,70.3289,69.1,0,0.33442,12.9659,0,0.447027,18.8046,0,0.921452,Stream,0.815417,6,0.033808,-0.059934,102,27.0908,-81.1327
-2197200000,4.9145,1,0,2.006314522,68.9382,63.7,0,0.388496,16.5165,0,0.526101,18.8083,0,0.884545,Stream,0.361667,6,0.000995,0,103,27.0389,-81.0715
10658200000,7.24944,1,0,1.903760494,68.6723,69.6,0,0.342293,23.9243,0,0.438374,19.5667,0,0.839785,Stream,0.653333,6,0.06492,-0.064419,104,27.1544,-81.07
1038110000,19.217,1,0,0.879510948,72.7423,329.4,0,0.292093,4.77729,0,0.561634,8.64073,0,0.704686,Stream,5.50927,6,0.089754,-0.088543,105,28.3714,-81.3106
